CX_counts,9
Avg_CX,9.0
Runtimes,41.39887523651123
Avg_Runtime,41.39887523651123
Fidelities,0.07011814397426913
Avg_Fidelities,0.07011814397426913
