CX_counts,17
Avg_CX,17.0
Runtimes,56.971035957336426
Avg_Runtime,56.971035957336426
Fidelities,0.10982013715533862
Avg_Fidelities,0.10982013715533862
