CX_counts,17
Avg_CX,17.0
Runtimes,66.05280613899231
Avg_Runtime,66.05280613899231
Fidelities,0.10982013715533862
Avg_Fidelities,0.10982013715533862
