CX_counts,5
Avg_CX,5.0
Runtimes,23.477400064468384
Avg_Runtime,23.477400064468384
Fidelities,0.031540448102621584
Avg_Fidelities,0.031540448102621584
