CX_counts,9
Avg_CX,9.0
Runtimes,34.949719190597534
Avg_Runtime,34.949719190597534
Fidelities,0.05285506600831816
Avg_Fidelities,0.05285506600831816
